new_url,old_url,address,email,tel
kanchanaburi2.mol.go.th,kanchanaburi.mol.go.th,สำนักงานแรงงานจังหวัดกาญจนบุรี ศาลากลางหลังใหม่ ชั้น4 อำเภอเมือง จังหวัดกาญจนบุรี 71000,-,0-3451-6099
chainat2.mol.go.th,chainat.mol.go.th,สำนักงานแรงงานจังหวัดชัยนาท ศูนย์ราชการกระทรวงแรงงาน ชั้น1 294 หมู่6 ตำบลบ้านกล้วย อำเภอเมือง จังหวัดชัยนาท 17000,chainat@mol.go.th,0-5641-2571
nakhonpathom2.mol.go.th,nakhonpathom.mol.go.th,สำนักงานแรงงานจังหวัดนครปฐม ศาลากลางจังหวัด ชั้น4 อำเภอเมือง จังหวัดนครปฐม 73000,nakhonpathom@mol.go.th,0-3434-0045-6
nonthaburi2.mol.go.th,nonthaburi.mol.go.th,สำนักงานแรงงานจังหวัดนนทบุรี ศาลากลางจังหวัด ชั้น1 (อาคาร 5 ชั้น) ถนนรัตนาธิเบศร์ ตำบลบางกระสอ จังหวัดนนทบุรี 11000,nonthaburi@mol.go.th,"0-2591-7869"
pathumthani2.mol.go.th,pathumthani.mol.go.th,สำนักงานแรงงานจังหวัดปทุมธานี ศาลากลางจังหวัด เลขที่ 1 ชั้น 1 แยกปทุมวิไล ถนนปทุมสามโคก ตำบลบางปรอก อำเภอเมือง จังหวัดปทุมธานี 12000,pathumthani@mol.go.th,"0-2581-7954-5"
prachuapkhirikhan2.mol.go.th,prachuapkhirikhan.mol.go.th,สำนักงานแรงงานจังหวัดประจวบคีรีขันธ์ ศาลากลางจังหวัด ชั้น4 อำเภอเมือง จังหวัดประจวบคีรีขันธ์ 77000,prachuap@mol.go.th,"0-3260-2265"
ayutthaya2.mol.go.th,ayutthaya.mol.go.th,สำนักงานแรงงานจังหวัดพระนครศรีอยุธยา ชั้น3 อาคาร 4 ชั้น อำเภอพระนครศรีอยุธยา จังหวัดพระนครศรีอยุธยา 13000,ayutthaya@mol.go.th,0-3533-6521-2
phetchaburi2.mol.go.th,phetchaburi.mol.go.th,สำนักงานแรงงานจังหวัดเพชรบุรี 2/105-106 ตำบลไร่ส้ม อำเภอเมือง จังหวัดเพชรบุรี 76000,petchaburi@mol.go.th,0-3240-0251-2
ratchaburi2.mol.go.th,ratchaburi.mol.go.th,สำนักงานแรงงานจังหวัดราชบุรี  75/24 หมู่ที่ 3 ถนนท้าวอู่ทอง ตำบลดอนตะโก อ.เมือง จ.ราชบุรี 70000,ratchburi@mol.go.th,032-733447-8
lopburi2.mol.go.th,lopburi.mol.go.th,สำนักงานแรงงานจังหวัดลพบุรี ศาลากลางจังหวัด (หลังเก่า) ชั้น1 ถนนนารายณ์มหาราช ตำบลทะเลชุบศร อำเภอเมือง จังหวัดลพบุรี 15000,lopburi@mol.go.th,0-3677-0208
samutprakan2.mol.go.th,samutprakan.mol.go.th,สำนักงานแรงงานจังหวัดสมุทรปราการ 1636 หมู่4 ถนนเทพารักษ์ อำเภอเมือง จังหวัดสมุทรปราการ 10270,samutprakan@mol.go.th,"0-2380-6889"
samutsongkhram2.mol.go.th,samutsongkhram.mol.go.th,สำนักงานแรงงานจังหวัดสมุทรสงคราม ศาลากลางจังหวัด หลังใหม่ ชั้น 5 ต.แม่กลอง อ.เมือง จ.สมุทรสงคราม 75000,samutsong@mol.go.th,"0-3471-6116"
samutsakhon2.mol.go.th,samutsakhon.mol.go.th,สำนักงานแรงงานจังหวัดสมุทรสาคร ศาลากลางจังหวัด ชั้น1 ถนนเศรษฐกิจ 1 อำเภอเมือง จังหวัดสมุทรสาคร 74000,samutsa@mol.go.th,"0-3442-6758"
saraburi2.mol.go.th,saraburi.mol.go.th,สำนักงานแรงงานจังหวัดสระบุรี ศาลากลางจังหวัดสระบุรี ถนนพิชัยรณรงค์สงคราม ตำบลปากเพรียว อำเภอเมือง จังหวัดสระบุรี 18000,saraburi@mol.go.th,"0-3622-0059"
singburi2.mol.go.th,singburi.mol.go.th,สำนักงานแรงงานจังหวัดสิงห์บุรีศาลากลางจังหวัด ชั้น 2 (อาคาร 3 ชั้น) ตำบลบางมัญ อำเภอเมือง จังหวัดสิงห์บุรี 16000,sbr.labour@hotmail.com,0-3650-7199
suphanburi2.mol.go.th,suphanburi.mol.go.th,สำนักงานแรงงานจังหวัดสุพรรณบุรี ศาลากลางจังหวัดสุพรรณบุรี ชั้น 2 ถนนสุพรรณบุรี-ชัยนาท ตำบลสนามชัย อำเภอเมือง จังหวัดสุพรรณบุรี 72000,suphanburi@mol.go.th,0-3553-5079
angthong2.mol.go.th,angthong.mol.go.th,สำนักงานแรงงานจังหวัดอ่างทอง ศาลากลางจังหวัด ชั้น2 อำเภอเมือง จังหวัดอ่างทอง 14000,angthong@mol.go.th,0-3561-1553
chanthaburi2.mol.go.th,chanthaburi.mol.go.th,สำนักงานแรงงานจังหวัดจันทบุรี 1212/21 ถนน่าแฉลบ ตำบลตลาด อำเภอเมือง จังหวัดจันทบุรี 22000,"chanthaburi@mol.go.th","0-3930-1297"
chachoengsao2.mol.go.th,chachoengsao.mol.go.th,สำนักงานแรงงานจังหวัดฉะเชิงเทรา ศาลากลางจังหวัด ชั้น1 ถนนเรืองวุฒิ อำเภอเมือง จังหวัดฉะเชิงเทรา 24000,chachoengsao@mol.go.th,0-3881-4441
chonburi2.mol.go.th,chonburi.mol.go.th,สำนักงานแรงงานจังหวัดชลบุรี ศาลากลางจังหวัด ถนนมนตเสวี อำเภอเมือง จังหวัดชลบุรี 20000,chon13.1@chonburi.go.th,"0-3828-2447"
trat2.mol.go.th,trat.mol.go.th,สำนักงานแรงงานจังหวัดตราด ศาลากลางจังหวัด ชั้น2 ถนนราษฎร์นิยม ตำบลบางพระ อำเภอเมือง จังหวัดตราด 23000,trat@mol.go.th,039-511179-80
nakhonnayok2.mol.go.th,nakhonnayok.mol.go.th,สำนักงานแรงงานจังหวัดนครนายก ศาลากลางจังหวัด ชั้น5 อำเภอเมือง จังหวัดนครนายก 26000,nakhonnayok@mol.go.th,0-3731-3256
prachinburi2.mol.go.th,prachinburi.mol.go.th,สำนักงานแรงงานจังหวัดปราจีนบุรี ศาลากลางจังหวัด ชั้น2 หมู่11 ตำบลไม้เค็ด อำเภอเมือง จังหวัดปราจีนบุรี 25230,phrachinburi@mol.go.th,0-3745-4027-87
rayong2.mol.go.th,rayong.mol.go.th,สำนักงานแรงงานจังหวัดระยอง ศูนย์ราชการจังหวัด ชั้น2 ตำบลเนินพระ อำเภอเมือง จังหวัดระยอง 21150,labour21150@hotmail.com,0-3869-4020-1
sakaeo2.mol.go.th,sakaeo.mol.go.th,สำนักงานแรงงานจังหวัดสระแก้ว ศาลากลางจังหวัด อำเภอเมือง จังหวัดสระแก้ว 27000,-,0-3742-5024-5
kalasin2.mol.go.th,kalasin.mol.go.th,สำนักงานแรงงานจังหวัดกาฬสินธุ์ ศาลากลางจังหวัด ชั้น3 อำเภอเมือง จังหวัดกาฬสินธุ์ 46000,kalasin@mol.go.th,0-4381-1443
khonkaen2.mol.go.th,khonkaen.mol.go.th,สำนักงานแรงงานจังหวัดขอนแก่น ศาลากลางจังหวัด ชั้น3 อำเภอเมือง จังหวัดขอนแก่น 40000,-,"0-4324-2806"
chaiyaphum2.mol.go.th,chaiyaphum.mol.go.th,สำนักงานแรงงานจังหวัดชัยภูมิ ศาลากลางจังหวัด ชั้น3 ถนนทักษิณ ตำบลในเมือง อำเภอเมือง จังหวัดชัยภูมิ 36000,-,0-4481-2401
nakhonphanom2.mol.go.th,nakhonphanom.mol.go.th,สำนักงานแรงงานจังหวัดนครพนม ศูนย์ราชการกระทรวงแรงงาน ชั้น4 35/12 ถนนกลางเมือง อำเภอเมือง จังหวัดนครพนม 48000,22nhwnao@mol.go.th,0-4251-4058-9
nakhonratchasima2.mol.go.th,nakhonratchasima.mol.go.th,สำนักงานแรงงานจังหวัดนครราชสีมา 567/6-7 ถนนพิบูลละเอียด ตำบลหนองไผ่ล้อม อำเภอเมือง จังหวัดนครราชสีมา 30000,-,"0-4425-8330"
buengkan2.mol.go.th,buengkan.mol.go.th,"สำนักงานแรงงานจังหวัดบึงกาฬ สำนักงานแรงงานจังหวัดบึงกาฬ ศาลากลางจังหวัดบึงกาฬ ชั้น3 ถ.บึงกาฬ-นครพนม ต.บึงกาฬ  อ.เมืองบึงกาฬ จ.บึงกาฬ 38000",buengkan@mol.go.th,0-4249-2518
buriram2.mol.go.th,buriram.mol.go.th,สำนักงานแรงงานจังหวัดบุรีรัมย์ ศูนย์ราชการจังหวัดบุรีรัมย์ (ชั้น 2) ตำบลเสม็ด อำเภอเมือง จังหวัดบุรีรัมย์ 31000,buriam@mol.mail.go.th,044-666-529-30
mahasarakham2.mol.go.th,mahasarakham.mol.go.th,สำนักงานแรงงานจังหวัดมหาสารคาม ศูนย์ราชการกระทรวงแรงงาน ตำบลแก่งเลิงจาน อำเภอเมือง จังหวัดมหาสารคาม 44000,mahasa@mol.go.th,043-971316-7
mukdahan2.mol.go.th,mukdahan.mol.go.th,สำนักงานแรงงานจังหวัดมุกดาหาร ศาลากลางจังหวัด ชั้น2 อำเภอเมือง จังหวัดมุกดาหาร 49000,pirintuang@hotmail.com,0-4261-3044
yasothon2.mol.go.th,yasothon.mol.go.th,สำนักงานแรงงานจังหวัดยโสธร ศาลากลางจังหวัด ชั้น4 ถนนแจ้งสนิท อำเภอเมือง จังหวัดยโสธร 35000,"yasothon@mol.go.th",0-4571-1084
roiet2.mol.go.th,roiet.mol.go.th,สำนักงานแรงงานจังหวัดร้อยเอ็ด ศาลากลางจังหวัด ชั้น1 ถนนเทวาภิบาล ตำบลในเมือง อำเภอเมือง จังหวัดร้อยเอ็ด 45000,-,043-516605-6
loei2.mol.go.th,loei.mol.go.th,สำนักงานแรงงานจังหวัดเลย ศาลากลางจังหวัด หลังเก่า ชั้น2 ถนนมลิวรรณ ตำบลกุดป่อง อำเภอเมือง จังหวัดเลย 42000,loei@mol.go.th,"0-4281-3557-8"
sisaket2.mol.go.th,sisaket.mol.go.th,สำนักงานแรงงานจังหวัดศรีสะเกษ ศาลากลางจังหวัด ชั้น2 ถนนเทพา อำเภอเมือง จังหวัดศรีสะเกษ 33000,sisaket@mol.go.th,"0-4561-4061"
sakonnakhon2.mol.go.th,sakonnakhon.mol.go.th,สำนักงานแรงงานจังหวัดสกลนคร ศาลากลางจังหวัด ชั้น1 ตำบลธาตุเชิงมุม อำเภอเมือง จังหวัดสกลนคร 47000,sakonnakhon@mol.go.th,"0-4271-2564"
surin2.mol.go.th,surin.mol.go.th,สำนักงานแรงงานจังหวัดสุรินทร์ 499/1-2 ถนนธนสาร ตำบลในเมือง อำเภอเมือง จังหวัดสุรินทร์ 32000,surin@mol.go.th,0-4451-8155
nongkhai2.mol.go.th,nongkhai.mol.go.th,สำนักงานแรงงานจังหวัดหนองคาย ศาลากลางจังหวัด ชั้น2 อำเภอเมือง จังหวัดหนองคาย 43000,nongkhai@mol.mail.go.th,"0-4241-2428"
nongbualamphu2.mol.go.th,nongbualamphu.mol.go.th,สำนักงานแรงงานจังหวัดหนองบัวลำภู ศาลากลางจังหวัด ชั้น2 ถนนหนองบัวลำภู-เลย ตำบลลำภู อำเภอเมือง จังหวัดหนองบัวลำภู 39000,nongbua@mol.mail.go.th,042-316738-9
amnatcharoen2.mol.go.th,amnatcharoen.mol.go.th,สำนักงานแรงงานจังหวัดอำนาจเจริญ ศาลากลางจังหวัด ชั้น2 อำเภอเมือ จังหวัดอำนาจเจริญ 37000,"amnat@mol.go.th",0-4552-3035
udonthani2.mol.go.th,udonthani.mol.go.th,สำนักงานแรงงานจังหวัดอุดรธานี ศาลากลางจังหวัด อาคาร 2 ชั้น 5 อำเภอเมือง จังหวัดอุดรธานี 41000,-,"0-4224-3197"
ubonratchathani2.mol.go.th,ubonratchathani.mol.go.th,สำนักงานแรงงานจังหวัดอุบลราชธานี ศาลากลางจังหวัดอุบลราชธานี ชั้น 2 ถนนแจ้งสนิท ตำบลแจระแม อำเภอเมือง จังหวัดอุบลราชธานี 34000,ubonrat@mol.go.th,"0-4534-4632"
kamphaengphet2.mol.go.th,kamphaengphet.mol.go.th,สำนักงานแรงงานจังหวัดกำแพงเพชร ศาลากลางจังหวัด ชั้น2 ตำบลหนองปลิง อำเภอเมือง จังหวัดกำแพงเพชร 62000,-,0-5570-5028-9
phetchabun2.mol.go.th,phetchabun.mol.go.th,สำนักงานแรงงานจังหวัดเพชรบูรณ์ ศาลากลางจังหวัด ชั้น 3 ถนนสระบุรี-หล่มสัก ตำบลสะเดียง อำเภอเมืองเพชรบูรณ์ จังหวัดเพชรบูรณ์ 67000,phetchabun@mol.go.th,0-5672-9766-7 
chiangrai2.mol.go.th,chiangrai.mol.go.th,สำนักงานแรงงานจังหวัดเชียงราย ศูนย์ราชการกระทรวงแรงงาน ถนนศูนย์ราชการ ตำบลริมกก อำเภอเมือง จังหวัดเชียงราย 57100,chiangrai@mol.go.th,"0-5315-2067"
chiangmai2.mol.go.th,chiangmai.mol.go.th,สำนักงานแรงงานจังหวัดเชียงใหม่ ศาลากลางจังหวัด ชั้น1 ถนนโชตนา อำเภอเมือง จ.เชียงใหม่ 50300,chiangmai@mol.go.th,0-5311-2622
tak2.mol.go.th,tak.mol.go.th,สำนักงานแรงงานจังหวัดตาก ศาลาากลางจังหวัด ชั้น1 ถนนพหลโยธิน อำเภอเมือง จังหวัดตาก 63000,tak@mol.go.th,0-5551-3773
nakhonsawan2.mol.go.th,nakhonsawan.mol.go.th,สำนักงานแรงงานจังหวัดนครสวรรค์ ศาลากลางจังหวัด ชั้น3 ถนนสวรรค์วิถี อำเภอเมือง จังหวัดนครสวรรค์ 60000,-,0-5680-3549
nan2.mol.go.th,nan.mol.go.th,สำนักงานแรงงานจังหวัดน่าน ศาลากลางชั้น 1 ตำบลไชยสถาน อำเภอเมือง จังหวัดน่าน 55000,nan@mol.go.th,0-5471-6435
phayao2.mol.go.th,phayao.mol.go.th,สำนักงานแรงงานจังหวัดพะเยา ศาลากลางจังหวัด (หลังเก่า) ชั้น2 อำเภอเมือง จังหวัดพะเยา 560000,phayao@mol.go.th,0-5444-9515-6
phichit2.mol.go.th,phichit.mol.go.th,สำนักงานแรงงานจังหวัดพิจิตร ศาลากลางจังหวัด อาคารใหม่ ชั้น2 ต.ท่าหลวง อ.เมือง จ.พิจิตร 66000,phichit@mol.go.th,"0-5661-3761"
phitsanulok2.mol.go.th,phitsanulok.mol.go.th,สำนักงานแรงงานจังหวัดพิษณุโลก ศาลากลางจังหวัดหลังใหม่ ชั้น3 ถนนวังจันทร์ อำเภอเมือง จังหวัดพิษณุโลก 65000,phitsanulok@mol.go.th,0-5524-8075-6
phrae2.mol.go.th,phrae.mol.go.th,สำนักงานแรงงานจังหวัดแพร่ ศาลากลางจังหวัด ชั้น4 ถนนไชยบูรณ์ ตำบลในเวียง อำเภอเมือง จังหวัดแพร่ 54000,phrae@mol.go.th,0-5452-4658-9
maehongson2.mol.go.th,maehongson.mol.go.th,สำนักงานแรงงานจังหวัดแม่ฮ่องสอน ศาลากลางจังหวัด ชั้น 1 ถนนขุนลุมประพาส อำเภอเมือง จังหวัดแม่ฮ่องสอน 58000,"maehongson@mol.go.th",0-5361-1184
lampang2.mol.go.th,lampang.mol.go.th,สำนักงานแรงงานจังหวัดลำปาง ศาลากลางจังหวัดชั้น 2 ถนนวชิราวุธดำเนิน ตำบลพระบาท อำเภอเมือง จังหวัดลำปาง 52000,-,054-265058
lamphun2.mol.go.th,lamphun.mol.go.th,สำนักงานแรงงานจังหวัดลำพูน อาคารศูนย์ราชการกระทรวงแรงงาน ชั้น 4A หมู่10 ตำบลบ้านกลาง อำเภอเมือง จังหวัดลำพูน 51000,lamphun@mol.go.th,(053)525-615-6
sukhothai2.mol.go.th,sukhothai.mol.go.th,สำนักงานแรงงานจังหวัดสุโขทัย ศาลากลางจังหวัด ชั้น4 ถนนนิกรเกษม อำเภอเมือง จังหวัดสุโขทัย 64000,-,"0-5561-2758"
uttaradit2.mol.go.th,uttaradit.mol.go.th,สำนักงานแรงงานจังหวัดอุตรดิตถ์ ศาลากลางจังหวัด ชั้น2 ถนนประชานิมิตร อำเภอเมือง จังหวัดอุตรดิตถ์ 53000,uttaradit@mol.go.th,"0-5544-0172"
uthaithani2.mol.go.th,uthaithani.mol.go.th,สำนักงานแรงงานจังหวัดอุทัยธานี ศาลากลางจังหวัด (หลังเก่า) ชั้น2 ถนนศรีอุทัย ตำบลอุทัยใหม่ จังหวัดอุทัยธานี 61000,uthaithani@mol.go.th,"098-748-4879"
krabi2.mol.go.th,krabi.mol.go.th,สำนักงานแรงงานจังหวัดกระบี่ อาคารศูนย์ราชการกระทรวงแรงงานจังหวัดกระบี่ ชั้น ๔ ถนนท่าเรือ ตำบลไสไทย อำเภอเมือง จังหวัดกระบี่ ๘๑๐๐๐,"krabi@mol.go.th","๐-๗๕๖๑-๒๑๔๑"
chumphon2.mol.go.th,chumphon.mol.go.th,สำนักงานแรงงานจังหวัดชุมพร ศาลากลางจังหวัด ชั้น3 ตำบลนาชะอัง อำเภอเมือง จังหวัดชุมพร 86000,suvanai_d@mol.go.th,"0-7751-1176"
trang2.mol.go.th,trang.mol.go.th,สำนักงานแรงงานจังหวัดตรัง ศาลากลางจังหวัด ชั้น4 ถนนพระราม6 อำเภอเมือง จังหวัดตรัง 92000,seri_s@mol.go.th,0-7521-7254-5
nakhonsithammarat2.mol.go.th,nakhonsithammarat.mol.go.th,สำนักงานแรงงานจังหวัดนครศรีธรรมราช ศาลากลางจังหวัด ชั้น2 อำเภอเมือง จังหวัดนครศรีธรรมราช 80000,nakhonsi@mol.go.th,0-7534-5158-9
narathiwat2.mol.go.th,narathiwat.mol.go.th,สำนักงานแรงงานจังหวัดนราธิวาส ศูนย์ราชการกระทรวงแรงงาน ชั้น4 ตำบลลำภู อำเภอเมือง จังหวัดนราธิวาส 96000,narathiwat@mol.go.th,0-7353-2103-4
pattani2.mol.go.th,pattani.mol.go.th,สำนักงานแรงงานจังหวัดปัตตานี ศาลากลางจังหวัด ชั้น1 อำเภอเมือง จังหวัดปัตตานี 94000,pattani@mol.go.th,0-7333-5159-60
phangnga2.mol.go.th,phangnga.mol.go.th,สำนักงานแรงงานจังหวัดพังงา 9/5-6 ถนนเทศบาลบำรุง อำเภอเมือง จังหวัดพังงา 82000,wichian_k@mol.go.th,0-7641-3968-9
phatthalung2.mol.go.th,phatthalung.mol.go.th,สำนักงานแรงงานจังหวัดพัทลุง ศาลากลางจังหวัด ชั้น3 ตำบลคูหาสวรรค์ อำเภอเมือง จังหวัดพัทลุง 93000,supredee_s@mol.go.th,0-7461-4219
phuket2.mol.go.th,phuket.mol.go.th,สำนักงานแรงงานจังหวัดภูเก็ต ศาลากลางจังหวัด อำเภอเมือง จังหวัดภูเก็ต 83000,phuket@mol.go.th,0-7635-4035
yala2.mol.go.th,yala.mol.go.th,สำนักงานแรงงานจังหวัดยะลา อาคารศูนย์ราชการ กระทรวงแรงงาน ชั้น4 ถนนสุขยางค์ อำเภอเมือง จังหวัดยะลา 95000,niyom-s@hotmail.com,0-7325-9240
ranong2.mol.go.th,ranong.mol.go.th,สำนักงานแรงงานจังหวัดระนอง ศาลากลางจังหวัดระนอง ชั้น 3 หมู่ 3 ตำบลบางริ้น อำเภอเมือง จังหวัดระนอง 85000,ranong@mol.mail.go.th,0-7780-0152
songkhla2.mol.go.th,songkhla.mol.go.th,สำนักงานแรงงานจังหวัดสงขลา ศาลากลางจังหวัด ชั้น2 (หลังเก่า) อำเภอเมือง จังหวัดสงขลา 90000,songkhla@mol.go.th,"0-7432-5092"
satun2.mol.go.th,satun.mol.go.th,สำนักงานแรงงานจังหวัดสตูล ศาลากลางจังหวัด ชั้น2 ถนนสตูลธานี ตำบลพิมาน อำเภอเมือง จังหวัดสตูล 91000,pprattana@hotmail.com,0-7471-1189-90
suratthani2.mol.go.th,suratthani.mol.go.th,สำนักงานแรงงานจังหวัดสุราษฏร์ธานี อาคารศูนย์ราชการกระทรวงแรงงาน ชั้น4 ตำบลขุนทะเล อำเภอเมือง จังหวัดสุราษฎร์ธานี 84100,-,0-7735-5416-7
